Date,Day,IBM,AAPL,MSFT,XRX,AMZN,DELL,GOOGL,ADBE,^GSPC,^IXIC
1990-01-01,1.0,10.970438003540000,0.24251236021518700,0.40375930070877100,11.202081680297900,,,,1.379060983657840,329.0799865722660,415.79998779296900
1990-02-01,2.0,11.554415702819800,0.24251236021518700,0.43104037642478900,10.39472484588620,,,,1.7790844440460200,331.8900146484380,425.79998779296900
1990-02-05,3.0,,,,,,,,,,
1990-03-01,4.0,11.951693534851100,0.28801724314689600,0.4834197461605070,11.394058227539100,,,,2.2348830699920700,339.94000244140600,435.5
1990-04-01,5.0,12.275476455688500,0.2817564308643340,0.5063362717628480,10.139430046081500,,,,2.2531447410583500,330.79998779296900,420.1000061035160
1990-05-01,6.0,13.514284133911100,0.295173317193985,0.6372847557067870,9.704153060913090,,,,2.0985164642334000,361.2300109863280,459.0
1990-05-04,7.0,,,,,,,,,,
1990-06-01,8.0,13.380948066711400,0.3211067020893100,0.6634747385978700,9.749448776245120,,,,2.164785146713260,358.0199890136720,462.29998779296900
1990-07-01,9.0,12.697657585144000,0.3013734817504880,0.5805402994155880,9.489465713500980,,,,2.069063901901250,356.1499938964840,438.20001220703100
1990-08-01,10.0,11.601561546325700,0.26549553871154800,0.5368908047676090,8.553519248962400,,,,1.4750508069992100,322.55999755859400,381.20001220703100
1990-08-06,11.0,,,,,,,,,,
1990-09-01,12.0,12.251119613647500,0.20872052013874100,0.5499854683876040,7.255113124847410,,,,1.1210384368896500,306.04998779296900,344.5
1990-10-01,13.0,12.15034294128420,0.22131578624248500,0.5565334558486940,6.248927116394040,,,,1.416249394416810,304.0,329.79998779296900
1990-11-01,14.0,13.08609390258790,0.26449888944625900,0.6307373642921450,7.361023426055910,,,,1.4900128841400100,322.2200012207030,359.1000061035160
1990-11-05,15.0,,,,,,,,,,
1990-12-01,16.0,13.161062240600600,0.31051647663116500,0.6569272875785830,7.519896507263180,,,,1.7186784744262700,330.2200012207030,373.79998779296900
1991-01-01,17.0,14.762505531311000,0.40078282356262200,0.8566243648529050,10.554410934448200,,,,2.242394208908080,343.92999267578100,414.20001220703100
1991-02-01,18.0,14.995450973510700,0.4134202301502230,0.9057300686836240,12.286416053772000,,,,2.8402483463287400,367.07000732421900,453.1000061035160
1991-02-04,19.0,,,,,,,,,,
1991-03-01,20.0,13.39067268371580,0.49208223819732700,0.92646324634552,12.511940002441400,,,,3.1869795322418200,375.2200012207030,482.29998779296900
1991-04-01,21.0,12.111870765686000,0.39800751209259000,0.8642628788948060,12.511940002441400,,,,3.0589873790741000,375.3399963378910,484.7200012207030
1991-05-01,22.0,12.479341506958000,0.34011581540107700,0.9581103920936580,12.73144817352300,,,,2.9850986003875700,389.8299865722660,506.1099853515630
1991-05-06,23.0,,,,,,,,,,
1991-06-01,24.0,11.555957794189500,0.30108359456062300,0.89208984375,11.853414535522500,,,,2.5565452575683600,371.1600036621090,475.9200134277340
1991-07-01,25.0,12.04675579071050,0.33554431796073900,0.9624748229980470,12.397871017456100,,,,3.1678967475891100,387.80999755859400,502.0400085449220
1991-08-01,26.0,11.526222229003900,0.3845158815383910,1.1163398027420000,13.037229537963900,,,,3.012463331222530,395.42999267578100,525.6799926757810
1991-08-06,27.0,,,,,,,,,,
1991-09-01,28.0,12.478833198547400,0.3599340617656710,1.1654454469680800,13.740047454834000,,,,3.0346662998199500,387.8599853515630,526.8800048828130
1991-10-01,29.0,11.83155345916750,0.37447676062583900,1.2292828559875500,14.41578483581540,,,,3.1431360244751000,392.45001220703100,542.97998046875
1991-11-01,30.0,11.139124870300300,0.36902356147766100,1.2734787464141800,13.965290069580100,,,,2.846613883972170,375.2200012207030,523.9000244140630
1991-11-04,31.0,,,,,,,,,,
1991-12-01,32.0,10.851117134094200,0.4109107553958890,1.4568067789077800,15.42939281463620,,,,3.8844411373138400,417.0899963378910,586.3400268554690
1992-01-01,33.0,10.973037719726600,0.4719553291797640,1.5746610164642300,17.584869384765600,,,,3.639812469482420,408.7799987792970,620.2100219726560
1992-02-01,34.0,10.592026710510300,0.49199995398521400,1.61721932888031,18.04088020324710,,,,3.3547844886779800,412.70001220703100,633.469970703125
1992-02-06,35.0,,,,,,,,,,
1992-03-01,36.0,10.317353248596200,0.4253714978694920,1.5517452955246000,16.302349090576200,,,,3.043056011199950,403.69000244140600,603.77001953125
1992-04-01,37.0,11.213163375854500,0.43906375765800500,1.4437123537063600,17.062589645385700,,,,2.631263494491580,414.95001220703100,578.6799926757810
1992-05-01,38.0,11.213163375854500,0.4363253116607670,1.5844820737838700,17.263996124267600,,,,2.705594062805180,415.3500061035160,585.3099975585940
1992-05-07,39.0,,,,,,,,,,
1992-06-01,40.0,12.25231647491460,0.3505205810070040,1.3749638795852700,16.055517196655300,,,,2.705594062805180,408.1400146484380,563.5999755859380
1992-07-01,41.0,11.861115455627400,0.34207984805107100,1.4289811849594100,17.38025665283200,,,,2.263554334640500,424.2099914550780,580.8300170898440
1992-08-01,42.0,10.84400749206540,0.33659130334854100,1.4633547067642200,17.525571823120100,,,,1.9359338283538800,414.0299987792970,563.1199951171880
1992-08-06,43.0,,,,,,,,,,
1992-09-01,44.0,10.243829727172900,0.3310767114162450,1.58120858669281,18.464359283447300,,,,1.6753284931182900,417.79998779296900,583.27001953125
1992-10-01,45.0,8.483662605285650,0.38518592715263400,1.7432584762573200,17.436922073364300,,,,2.12785267829895,418.67999267578100,605.1699829101560
1992-11-01,46.0,8.658098220825200,0.42187052965164200,1.8291932344436600,18.493711471557600,,,,2.030792474746700,431.3500061035160,652.72998046875
1992-11-05,47.0,,,,,,,,,,
1992-12-01,48.0,6.505843639373780,0.43931084871292100,1.6769649982452400,18.788379669189500,,,,1.8814688920974700,435.7099914550780,676.9500122070310
1993-01-01,49.0,6.651134490966800,0.43747296929359400,1.6990629434585600,20.329378128051800,,,,2.4787611961364700,438.7799987792970,696.3400268554690
1993-02-01,50.0,7.022435188293460,0.38968151807785000,1.6376806497573900,19.618152618408200,,,,2.670894145965580,443.3800048828130,670.77001953125
1993-02-04,51.0,,,,,,,,,,
1993-03-01,52.0,6.6405534744262700,0.37947842478752100,1.8169171810150100,19.766319274902300,,,,2.573633909225460,451.6700134277340,690.1300048828130
1993-04-01,53.0,6.346868991851810,0.3776364326477050,1.6794201135635400,18.451818466186500,,,,3.434307336807250,440.19000244140600,661.4199829101560
1993-05-01,54.0,6.885295867919920,0.4172421991825100,1.8193715810775800,18.12286949157720,,,,3.959200859069820,450.19000244140600,700.530029296875
1993-05-06,55.0,,,,,,,,,,
1993-06-01,56.0,6.51603364944458,0.29166528582572900,1.7285257577896100,19.299583435058600,,,,3.7042527198791500,450.5299987792970,703.9500122070310
1993-07-01,57.0,5.872671604156490,0.2049039751291280,1.453533411026000,17.638439178466800,,,,2.9742372035980200,448.1300048828130,704.7000122070310
1993-08-01,58.0,6.037637233734130,0.19567380845546700,1.4756313562393200,17.759246826171900,,,,2.5536391735076900,463.55999755859400,742.8400268554690
1993-08-05,59.0,,,,,,,,,,
1993-09-01,60.0,5.574150562286380,0.1733584851026540,1.620492935180660,17.849544525146500,,,,2.1931254863739000,458.92999267578100,762.780029296875
1993-10-01,61.0,6.105024337768560,0.22805523872375500,1.5738422870636000,19.34462547302250,,,,2.6137242317199700,467.8299865722660,779.260009765625
1993-11-01,62.0,7.150176048278810,0.2336171418428420,1.5713871717453000,20.107433319091800,,,,2.786593437194820,461.7900085449220,754.3900146484380
1993-11-04,63.0,,,,,,,,,,
1993-12-01,64.0,7.535686016082760,0.21771006286144300,1.5836634635925300,22.01595687866210,,,,2.68115496635437,466.45001220703100,776.7999877929690
1994-01-01,65.0,7.535686016082760,0.24376071989536300,1.672054648399350,24.171361923217800,,,,3.64516544342041,481.6099853515630,800.469970703125
1994-02-01,66.0,7.052198886871340,0.27167221903801000,1.620492935180660,23.894229888916000,,,,3.5310842990875200,467.1400146484380,792.5
1994-02-04,67.0,,,,,,,,,,
1994-03-01,68.0,7.31842041015625,0.24837146699428600,1.6646885871887200,23.706161499023400,,,,2.9274797439575200,445.7699890136720,743.4600219726560
1994-04-01,69.0,7.703606128692630,0.22409436106681800,1.8169171810150100,24.543949127197300,,,,3.2354440689086900,450.9100036621090,733.8400268554690
1994-05-01,70.0,8.440468788146970,0.21849241852760300,2.1115520000457800,24.947307586669900,,,,3.4773480892181400,456.5,735.1900024414060
1994-05-05,71.0,,,,,,,,,,
1994-06-01,72.0,7.905290126800540,0.19873161613941200,2.028071165084840,24.444643020629900,,,,3.2959203720092800,444.2699890136720,705.9600219726560
1994-07-01,73.0,8.325791358947750,0.2526327669620510,2.023160934448240,25.569963455200200,,,,3.756444215774540,458.260009765625,722.1599731445310
1994-08-01,74.0,9.217235565185550,0.27138155698776200,2.2834222316741900,26.789077758789100,,,,3.847325563430790,475.489990234375,765.6199951171880
1994-08-04,75.0,,,,,,,,,,
1994-09-01,76.0,9.405942916870120,0.25350791215896600,2.2048532962799100,26.88198471069340,,,,3.9382081031799300,462.7099914550780,764.2899780273440
1994-10-01,77.0,10.064526557922400,0.324998676776886,2.474935293197630,25.811735153198200,,,,4.368794918060300,472.3500061035160,777.489990234375
1994-11-01,78.0,9.557921409606930,0.28031668066978500,2.470024824142460,24.741479873657200,,,,4.004726409912110,453.69000244140600,750.3200073242190
1994-11-04,79.0,,,,,,,,,,
1994-12-01,80.0,9.9633207321167,0.2943686842918400,2.401276111602780,25.12115478515630,,,,3.6103241443634000,459.2699890136720,751.9600219726560
1995-01-01,81.0,9.77692985534668,0.3047473132610320,2.332528591156010,27.753808975219700,,,,3.5117223262786900,470.4200134277340,755.2000122070310
1995-02-01,82.0,10.200541496276900,0.29814332723617600,2.474935293197630,28.13443946838380,,,,4.345465660095220,487.3900146484380,793.72998046875
1995-02-06,83.0,,,,,,,,,,
1995-03-01,84.0,11.169903755188000,0.2667955756187440,2.7941226959228500,29.989917755127000,,,,6.016797065734860,500.7099914550780,817.2100219726560
1995-04-01,85.0,12.870043754577600,0.2895018756389620,3.2115228176116900,31.52293586730960,,,,7.08742618560791,514.7100219726560,843.97998046875
1995-05-01,86.0,12.649023056030300,0.31457316875457800,3.326920747756960,28.96788215637210,,,,6.326970100402830,533.4000244140630,864.5800170898440
1995-05-04,87.0,,,,,,,,,,
1995-06-01,88.0,13.091790199279800,0.3524453043937680,3.5503528118133500,30.15083122253420,,,,7.057007789611820,544.75,933.4500122070310
1995-07-01,89.0,14.847586631774900,0.3415350615978240,3.5552642345428500,30.697277069091800,,,,7.513277530670170,562.0599975585940,1001.2100219726600
1995-08-01,90.0,14.09753131866460,0.32635587453842200,3.6338343620300300,31.08300018310550,,,,6.210629463195800,561.8800048828130,1020.1099853515600
1995-08-08,91.0,,,,,,,,,,
1995-09-01,92.0,12.916881561279300,0.28348639607429500,3.5552642345428500,34.767181396484400,,,,6.301961898803710,584.4099731445310,1043.5400390625
1995-10-01,93.0,13.292764663696300,0.27635207772254900,3.92846941947937,33.5381965637207,,,,6.941293239593510,581.5,1036.06005859375
1995-11-01,94.0,13.207347869873000,0.2901458144187930,3.4226772785186800,35.478694915771500,,,,8.243063926696780,605.3699951171880,1059.199951171880
1995-11-08,95.0,,,,,,,,,,
1995-12-01,96.0,12.52143669128420,0.24333631992340100,3.447230815887450,35.68303298950200,,,,7.557409763336180,615.9299926757810,1052.1300048828100
1996-01-01,97.0,14.868143081665000,0.21089188754558600,3.6338343620300300,32.199371337890600,,,,4.14438533782959,636.02001953125,1059.7900390625
1996-02-01,98.0,16.80373764038090,0.2099376916885380,3.876908779144290,33.924922943115200,,,,4.089058876037600,640.4299926757810,1100.050048828130
1996-02-07,99.0,,,,,,,,,,
1996-03-01,100.0,15.278267860412600,0.1875123232603070,4.051232814788820,32.900360107421900,,,,3.936483860015870,645.5,1101.4000244140600
1996-04-01,101.0,14.797598838806200,0.1860809624195100,4.448990821838380,38.40559768676760,,,,5.248644828796390,654.1699829101560,1190.52001953125
1996-05-01,102.0,14.660264015197800,0.1994406133890150,4.6650567054748500,41.25652313232420,,,,4.538435459136960,669.1199951171880,1243.4300537109400
1996-05-08,103.0,,,,,,,,,,
1996-06-01,104.0,13.641029357910200,0.1603158563375470,4.719073295593260,42.07575225830080,,,,4.385625839233400,670.6300048828130,1185.02001953125
1996-07-01,105.0,14.812233924865700,0.1679503321647640,4.630680561065670,39.836021423339800,,,,3.7132644653320300,639.9500122070310,1080.5899658203100
1996-08-01,106.0,15.759532928466800,0.18512675166130100,4.812370777130130,43.394588470459000,,,,4.269299030303960,651.989990234375,1141.5
1996-08-07,107.0,,,,,,,,,,
1996-09-01,108.0,17.209583282470700,0.16938161849975600,5.180670261383060,42.40607833862310,,,,4.5600385665893600,687.3300170898440,1226.9200439453100
1996-10-01,109.0,17.831613540649400,0.17558389902114900,5.391822814941410,36.86507034301760,,,,4.244296073913570,705.27001953125,1221.510009765630
1996-11-01,110.0,22.03032875061040,0.184172585606575,6.162785530090330,38.95176315307620,,,,4.841867923736570,757.02001953125,1292.6099853515600
1996-11-06,111.0,,,,,,,,,,
1996-12-01,112.0,20.998197555542000,0.15936164557933800,6.491794109344480,41.83340072631840,,,,4.581387996673580,740.739990234375,1291.030029296880
1997-01-01,113.0,21.743183135986300,0.12691716849803900,8.01407527923584,46.8797492980957,,,,4.642676830291750,786.1599731445310,1379.8499755859400
1997-02-01,114.0,19.924028396606400,0.1240537017583850,7.660515785217290,49.97840881347660,,,,4.47982120513916,790.8200073242190,1309.0
1997-02-06,115.0,,,,,,,,,,
1997-03-01,116.0,19.067983627319300,0.13932174444198600,7.203826904296880,45.4803581237793,,,,4.924733638763430,757.1199951171880,1221.699951171880
1997-04-01,117.0,22.298084259033200,0.12977975606918300,9.546177864074710,49.431339263916000,,,,4.807621955871580,801.3400268554690,1260.760009765630
1997-05-01,118.0,24.034704208374000,0.12691716849803900,9.742606163024900,54.45485305786130,,,,5.483453750610350,848.280029296875,1400.3199462890600
1997-05-07,119.0,,,,,,,,,,
1997-05-28,120.0,,,,,,,,,,
1997-06-01,121.0,25.13742446899410,0.10878564417362200,9.929201126098630,63.396705627441400,0.07708299905061720,,,4.3084282875061000,885.1400146484380,1442.0699462890600
1997-07-01,122.0,29.45465660095220,0.1335965245962140,11.107746124267600,66.42845916748050,0.11979199945926700,,,4.592585563659670,954.3099975585940,1593.81005859375
1997-08-01,123.0,28.23609161376950,0.1660410314798360,10.385887145996100,60.97687911987310,0.11692699790000900,,,4.851738929748540,899.469970703125,1587.3199462890600
1997-08-07,124.0,,,,,,,,,,
1997-09-01,125.0,29.579116821289100,0.16556398570537600,10.395710945129400,67.9932632446289,0.21692700684070600,,,6.2071452140808100,947.280029296875,1685.68994140625
1997-10-01,126.0,27.48627281188970,0.13001829385757400,10.214018821716300,64.32245635986330,0.25416699051857000,,,5.889601707458500,914.6199951171880,1593.6099853515600
1997-11-01,127.0,30.555805206298800,0.13550494611263300,11.117568969726600,63.00460433959960,0.20624999701976800,,,5.180382251739500,955.4000244140630,1600.550048828130
1997-11-06,128.0,,,,,,,,,,
1997-12-01,129.0,29.25237274169920,0.10019782930612600,10.155089378356900,59.91267013549810,0.2510420083999630,,,5.087874889373780,970.4299926757810,1570.3499755859400
1998-01-01,130.0,27.609769821167000,0.1397988647222520,11.721570014953600,65.44635009765630,0.24583299458026900,,,4.750911235809330,980.280029296875,1619.3599853515600
1998-02-01,131.0,29.19993782043460,0.1803557574748990,13.317505836486800,72.36756134033200,0.3208329975605010,,,5.452751159667970,1049.3399658203100,1770.510009765630
1998-02-06,132.0,,,,,,,,,,
1998-03-01,133.0,29.10112953186040,0.2099376916885380,14.06391716003420,86.66805267333980,0.35637998580932600,,,5.576151371002200,1101.75,1835.6800537109400
1998-04-01,134.0,32.4630012512207,0.20898354053497300,14.162128448486300,92.79229736328130,0.3822920024394990,,,6.177727699279790,1111.75,1868.4100341796900
1998-05-01,135.0,32.918251037597700,0.2032574564218520,13.327329635620100,84.10579681396480,0.3671880066394810,,,4.930263519287110,1090.8199462890600,1778.8699951171900
1998-05-06,136.0,,,,,,,,,,
1998-06-01,137.0,32.225502014160200,0.2190026193857190,17.029911041259800,83.08383178710940,0.831250011920929,,,5.238887786865230,1133.8399658203100,1894.739990234380
1998-07-01,138.0,37.19002914428710,0.26433059573173500,17.27544403076170,86.6082992553711,0.9239580035209660,,,3.988961935043340,1120.6700439453100,1872.3900146484400
1998-08-01,139.0,31.611520767211900,0.23808826506137800,15.075493812561000,72.04536437988280,0.6979169845581060,,,3.2419238090515100,957.280029296875,1499.25
1998-08-06,140.0,,,,,,,,,,
1998-09-01,141.0,36.12905502319340,0.2910497486591340,17.295076370239300,69.53275299072270,0.9302080273628240,,,4.283971786499020,1017.010009765630,1693.8399658203100
1998-10-01,142.0,41.75224685668950,0.2834153473377230,16.637067794799800,80.36154174804690,1.0536459684371900,,,4.59221076965332,1098.6700439453100,1771.3900146484400
1998-11-01,143.0,46.4265251159668,0.2438134402036670,19.170928955078100,88.54693603515630,1.600000023841860,,,5.535391330718990,1163.6300048828100,1949.5400390625
1998-11-06,144.0,,,,,,,,,,
1998-12-01,145.0,51.91548538208010,0.3125200569629670,21.793180465698200,97.19573974609380,2.6770830154418900,,,5.782783031463620,1229.22998046875,2192.68994140625
1999-01-01,146.0,51.59874725341800,0.3144294023513790,27.499271392822300,102.47120666503900,2.92343807220459,,,5.912916660308840,1279.6400146484400,2505.889892578130
1999-02-01,147.0,47.797481536865200,0.2657618522644040,23.5904541015625,91.21175384521480,3.203125,,,4.984185218811040,1238.3299560546900,2288.030029296880
1999-02-08,148.0,,,,,,,,,,
1999-03-01,149.0,49.97552490234380,0.27435049414634700,28.16712188720700,88.21611785888670,4.304687976837160,,,7.027392387390140,1286.3699951171900,2461.39990234375
1999-04-01,150.0,58.98025894165040,0.35116779804229700,25.554689407348600,97.44929504394530,4.301562786102300,,,7.854666709899900,1335.1800537109400,2542.860107421880
1999-05-01,151.0,65.41220092773440,0.3363769054412840,25.35825538635250,93.19886779785160,2.96875,,,9.187017440795900,1301.8399658203100,2470.52001953125
1999-05-06,152.0,,,,,,,,,,
1999-05-27,153.0,,,,,,,,,,
1999-06-01,154.0,72.96644592285160,0.35355332493782000,28.343910217285200,97.96764373779300,3.128124952316280,,,10.182408332824700,1372.7099609375,2686.1201171875
1999-07-01,155.0,70.95524597167970,0.4251234233379360,26.96893310546880,81.35432434082030,2.50156307220459,,,10.634023666381800,1328.719970703130,2638.489990234380
1999-08-01,156.0,70.32015991210940,0.49812400341033900,29.090301513671900,79.7938461303711,3.109375,,,12.354691505432100,1320.4100341796900,2739.35009765625
1999-08-06,157.0,,,,,,,,,,
1999-09-01,158.0,68.37564849853520,0.48333317041397100,28.46175193786620,69.8066177368164,3.996875047683720,,,14.07535457611080,1282.7099609375,2746.159912109380
1999-10-01,159.0,55.519859313964800,0.6116815209388730,29.090301513671900,47.42917251586910,3.53125,,,17.35419464111330,1362.9300537109400,2966.429931640630
1999-11-01,160.0,58.239349365234400,0.747186541557312,28.613975524902300,45.75767135620120,4.253125190734860,,,17.044021606445300,1388.9100341796900,3336.159912109380
1999-11-08,161.0,,,,,,,,,,
1999-12-01,162.0,61.04003143310550,0.7848799824714660,36.6919059753418,37.92245101928710,3.8062500953674300,,,16.687326431274400,1469.25,4069.31005859375
2000-01-01,163.0,63.515560150146500,0.7920366525650020,30.75990104675290,35.14961242675780,3.2281250953674300,,,13.668244361877400,1394.4599609375,3940.35009765625
2000-02-01,164.0,58.14006042480470,0.8750578165054320,28.088550567627000,36.62297058105470,3.4437499046325700,,,25.31960105896000,1366.4200439453100,4696.68994140625
2000-02-08,165.0,,,,,,,,,,
2000-03-01,166.0,67.05181884765630,1.0368047952652000,33.39197540283200,43.779178619384800,3.3499999046325700,,,27.631258010864300,1498.5799560546900,4572.830078125
2000-04-01,167.0,63.157623291015600,0.947104275226593,21.920852661132800,45.03520965576170,2.7593750953674300,,,30.027847290039100,1452.4300537109400,3860.659912109380
2000-05-01,168.0,60.785640716552700,0.6412634253501890,19.661985397338900,46.097347259521500,2.4156250953674300,,,27.948402404785200,1420.5999755859400,3400.909912109380
2000-05-08,169.0,,,,,,,,,,
2000-06-01,170.0,62.13500213623050,0.7996708750724790,25.142194747924800,35.529056549072300,1.8156249523162800,,,32.277984619140600,1454.5999755859400,3966.110107421880
2000-07-01,171.0,63.65913009643560,0.7758141756057740,21.940492630004900,25.79067039489750,1.506250023841860,,,28.43518829345700,1430.8299560546900,3766.989990234380
2000-08-01,172.0,74.86860656738280,0.9304049015045170,21.940492630004900,27.82395362854000,2.075000047683720,,,32.28449630737310,1517.6800537109400,4206.35009765625
2000-08-08,173.0,,,,,,,,,,
2000-09-01,174.0,63.94328689575200,0.3931553065776830,18.95485496521000,25.980575561523400,1.921875,,,38.555137634277300,1436.510009765630,3672.820068359380
2000-10-01,175.0,55.92375183105470,0.29868337512016300,21.645862579345700,14.6140718460083,1.8312499523162800,,,37.785430908203100,1429.4000244140600,3369.6298828125
2000-11-01,176.0,53.08496856689450,0.2519250810146330,18.03167152404790,12.016016960144000,1.234375,,,31.482683181762700,1314.949951171880,2597.929931640630
2000-11-08,177.0,,,,,,,,,,
2000-12-01,178.0,48.32046127319340,0.22711420059204100,13.631781578064000,8.067792892456060,0.778124988079071,,,28.90570068359380,1320.280029296880,2470.52001953125
2001-01-01,179.0,63.6693229675293,0.33017459511756900,19.190568923950200,14.251648902893100,0.8656250238418580,,,21.702556610107400,1366.010009765630,2772.72998046875
2001-02-01,180.0,56.790767669677700,0.2786443829536440,18.54237174987790,10.536102294921900,0.5093749761581420,,,14.440549850463900,1239.93994140625,2151.830078125
2001-02-07,181.0,,,,,,,,,,
2001-03-01,182.0,54.73835754394530,0.3369686007499700,17.18704605102540,10.535667419433600,0.5115000009536740,,,17.375865936279300,1160.3299560546900,1840.260009765630
2001-04-01,183.0,65.52893829345700,0.38918623328208900,21.292295455932600,15.900238990783700,0.7889999747276310,,,22.32872772216800,1249.4599609375,2116.239990234380
2001-05-01,184.0,63.62804412841800,0.3046000301837920,21.741714477539100,17.430465698242200,0.8345000147819520,,,19.768779754638700,1255.8199462890600,2110.489990234380
2001-05-08,185.0,,,,,,,,,,
2001-06-01,186.0,64.6737060546875,0.35498547554016100,22.942251205444300,16.83243751525880,0.7074999809265140,,,23.362648010253900,1224.3800048828100,2160.5400390625
2001-07-01,187.0,59.949947357177700,0.28688937425613400,20.80202293396000,14.035829544067400,0.6244999766349790,,,18.640790939331100,1211.22998046875,2027.1300048828100
2001-08-01,188.0,56.952762603759800,0.2832247018814090,17.929533004760700,16.18165397644040,0.44699999690055800,,,16.711578369140600,1133.5799560546900,1805.4300537109400
2001-08-08,189.0,,,,,,,,,,
2001-09-01,190.0,52.33213424682620,0.23680917918682100,16.081575393676800,13.6312894821167,0.2985000014305120,,,11.92334270477300,1040.93994140625,1498.800048828130
2001-10-01,191.0,61.660858154296900,0.26810887455940200,18.275238037109400,12.312134742736800,0.3490000069141390,,,13.133195877075200,1059.780029296880,1690.199951171880
2001-11-01,192.0,65.95150756835940,0.3252120614051820,20.17975616455080,14.774558067321800,0.5659999847412110,,,15.958827018737800,1139.449951171880,1930.5799560546900
2001-11-07,193.0,,,,,,,,,,
2001-12-01,194.0,69.1006088256836,0.3343726694583890,20.820878982543900,18.32748794555660,0.5410000085830690,,,15.446427345275900,1148.0799560546900,1950.4000244140600
2002-01-01,195.0,61.63407897949220,0.37742963433265700,20.022619247436500,19.928070068359400,0.7095000147819520,,,16.771486282348600,1130.199951171880,1934.030029296880
2002-02-01,196.0,56.052799224853500,0.3313194811344150,18.334945678710900,17.07868194580080,0.7049999833107000,,,18.105239868164100,1106.72998046875,1731.489990234380
2002-02-06,197.0,,,,,,,,,,
2002-03-01,198.0,59.49020767211910,0.3613981306552890,18.95407485961910,18.907917022705100,0.7149999737739560,,,20.051130294799800,1147.3900146484400,1845.3499755859400
2002-04-01,199.0,47.912540435791000,0.3705587685108190,16.424144744873000,15.56605339050290,0.8345000147819520,,,19.893611907959000,1076.9200439453100,1688.22998046875
2002-05-01,200.0,46.01911926269530,0.35574817657470700,15.999865531921400,15.777122497558600,0.9114999771118160,,,17.971961975097700,1067.1400146484400,1615.72998046875
2002-05-08,201.0,,,,,,,,,,
2002-06-01,202.0,41.26642990112310,0.2705524265766140,17.190977096557600,10.55325984954830,0.8125,,,14.188389778137200,989.8200073242190,1463.2099609375
2002-07-01,203.0,40.349422454834000,0.23299239575862900,15.079033851623500,12.224191665649400,0.7225000262260440,,,11.933782577514600,911.6199951171880,1328.260009765630
2002-08-01,204.0,43.203697204589800,0.22520573437213900,15.424735069274900,12.329721450805700,0.746999979019165,,,10.01123046875,916.0700073242190,1314.8499755859400
2002-08-07,205.0,,,,,,,,,,
2002-09-01,206.0,33.49409484863280,0.22138899564743000,13.746496200561500,8.706437110900880,0.796500027179718,,,9.513158798217770,815.280029296875,1172.06005859375
2002-10-01,207.0,45.344242095947300,0.24535933136940000,16.804426193237300,11.678934097290000,0.9679999947547910,,,11.782204627990700,885.760009765625,1329.75
2002-11-01,208.0,49.92806625366210,0.23665708303451500,18.127525329589800,15.337401390075700,1.1675000190734900,,,14.71778678894040,936.3099975585940,1478.780029296880
2002-11-06,209.0,,,,,,,,,,
2002-12-01,210.0,44.5990104675293,0.2187930941581730,16.248149871826200,14.15894889831540,0.9445000290870670,,,12.360349655151400,879.8200073242190,1335.510009765630
2003-01-01,211.0,45.00184631347660,0.21925139427185100,14.91561222076420,15.56605339050290,1.0924999713897700,,,13.167760848999000,855.7000122070310,1320.9100341796900
2003-02-01,212.0,44.85797119140630,0.22917553782463100,14.896756172180200,15.829883575439500,1.1004999876022300,,,13.712512969970700,841.1500244140630,1337.52001953125
2003-02-06,213.0,,,,,,,,,,
2003-03-01,214.0,45.22197723388670,0.2158920168876650,15.266251564025900,15.302220344543500,1.3014999628067000,,,15.372973442077600,848.1799926757810,1341.1700439453100
2003-04-01,215.0,48.95253372192380,0.21711383759975400,16.123830795288100,17.342517852783200,1.434499979019170,,,17.22471046447750,916.9199829101560,1464.31005859375
2003-05-01,216.0,50.76301956176760,0.2740640342235570,15.518482208252000,19.224523544311500,1.7944999933242800,,,17.618791580200200,963.5900268554690,1595.9100341796900
2003-05-07,217.0,,,,,,,,,,
2003-06-01,218.0,47.655845642089800,0.29101142287254300,16.16796875,18.626508712768600,1.815999984741210,,,15.997578620910600,974.5,1622.800048828130
2003-07-01,219.0,46.933773040771500,0.32185351848602300,16.653514862060500,18.995861053466800,2.0820000171661400,,,16.333431243896500,990.3099975585940,1735.02001953125
2003-08-01,220.0,47.37279510498050,0.34521347284317000,16.722881317138700,18.960683822631800,2.315999984741210,,,19.37755012512210,1008.010009765630,1810.449951171880
2003-08-06,221.0,,,,,,,,,,
2003-09-01,222.0,51.1259651184082,0.3163566291332250,17.530014038085900,18.046072006225600,2.4214999675750700,,,19.657007217407200,995.969970703125,1786.93994140625
2003-10-01,223.0,51.79159927368160,0.3494885563850400,16.48325538635250,18.468202590942400,2.7214999198913600,,,21.84463119506840,1050.7099609375,1932.2099609375
2003-11-01,224.0,52.405128479003900,0.3192576766014100,16.303056716918900,21.423110961914100,2.698499917984010,,,20.621614456176800,1058.199951171880,1960.260009765630
2003-11-06,225.0,,,,,,,,,,
2003-12-01,226.0,53.74093246459960,0.32628077268600500,17.35569190979000,24.272485733032200,2.63100004196167,,,19.5084171295166,1111.9200439453100,2003.3699951171900
2004-01-01,227.0,57.53900146484380,0.3444499373435970,17.533241271972700,25.74994659423830,2.5199999809265100,,,19.119047164917000,1131.1300048828100,2066.14990234375
2004-02-01,228.0,55.95598602294920,0.36521488428115800,16.82303810119630,24.87051010131840,2.1505000591278100,,,18.600963592529300,1144.93994140625,2029.8199462890600
2004-02-06,229.0,,,,,,,,,,
2004-03-01,230.0,53.3401985168457,0.4128514230251310,15.808448791503900,25.6268310546875,2.1640000343322800,,,19.62464141845700,1126.2099609375,1994.219970703130
2004-04-01,231.0,51.208683013916000,0.39361342787742600,16.56939125061040,23.6217041015625,2.180000066757200,,,20.729951858520500,1107.300048828130,1920.1500244140600
2004-05-01,232.0,51.45262145996090,0.4284247159957890,16.632802963256800,23.815183639526400,2.424999952316280,,,22.293439865112300,1120.6800537109400,1986.739990234380
2004-05-06,233.0,,,,,,,,,,
2004-06-01,234.0,51.300846099853500,0.4968261420726780,18.110280990600600,25.503700256347700,2.7200000286102300,,,23.227535247802700,1140.8399658203100,2047.7900390625
2004-07-01,235.0,50.672325134277300,0.4937727451324460,18.065902709960900,24.378023147583000,1.9459999799728400,,,21.075881958007800,1101.719970703130,1887.3599853515600
2004-08-01,236.0,49.28722381591800,0.5265995860099790,17.31130027771000,23.6217041015625,1.906999945640560,,,22.91964340209960,1104.239990234380,1838.0999755859400
2004-08-06,237.0,,,,,,,,,,
2004-09-01,238.0,50.00397872924810,0.5916416049003600,17.5849609375,24.764976501464800,2.0429999828338600,,64.8648681640625,24.718441009521500,1114.5799560546900,1896.8399658203100
2004-10-01,239.0,52.34260559082030,0.800052285194397,17.788476943969700,25.978591918945300,1.7065000534057600,,95.41541290283200,28.003637313842800,1130.199951171880,1974.989990234380
2004-11-01,240.0,54.96117401123050,1.0237311124801600,17.050731658935500,26.945974349975600,1.9839999675750700,,91.0810775756836,30.26772117614750,1173.8199462890600,2096.81005859375
2004-11-08,241.0,,,,,,,,,,
2004-12-01,242.0,57.60344696044920,0.9832708239555360,18.939943313598600,29.918479919433600,2.2144999504089400,,96.49149322509770,31.357276916503900,1211.9200439453100,2175.43994140625
2005-01-01,243.0,54.58831024169920,1.1741228103637700,18.628063201904300,27.930959701538100,2.1610000133514400,,97.90790557861330,28.444419860839800,1181.27001953125,2062.409912109380
2005-02-01,244.0,54.09749221801760,1.3698610067367600,17.83417510986330,27.438472747802700,1.7589999437332200,,94.0890884399414,30.86894416809080,1203.5999755859400,2051.719970703130
2005-02-08,245.0,,,,,,,,,,
2005-03-01,246.0,53.49815368652340,1.2724499702453600,17.18527603149410,26.6469669342041,1.7135000228881800,,90.34534454345700,33.57841110229490,1180.5899658203100,1999.22998046875
2005-04-01,247.0,44.7164421081543,1.1011403799057000,17.988739013671900,23.305103302002000,1.6180000305175800,,110.110107421875,29.735000610351600,1156.8499755859400,1921.6500244140600
2005-05-01,248.0,44.23051071166990,1.2141252756118800,18.3442440032959,23.867952346801800,1.7755000591278100,,138.77377319335900,33.119998931884800,1191.5,2068.219970703130
2005-05-06,249.0,,,,,,,,,,
2005-06-01,250.0,43.555538177490200,1.124043345451360,17.71768569946290,24.254899978637700,1.6545000076293900,,147.22222900390600,28.610000610351600,1191.3299560546900,2056.9599609375
2005-07-01,251.0,48.991188049316400,1.3023751974105800,18.26690673828130,23.234752655029300,2.257499933242800,,144.02401733398400,29.639999389648400,1234.1800537109400,2184.830078125
2005-08-01,252.0,47.3240966796875,1.431849479675290,19.529403686523400,23.58652687072750,2.134999990463260,,143.1431427001950,27.040000915527300,1220.3299560546900,2152.090087890630
2005-08-08,253.0,,,,,,,,,,
2005-09-01,254.0,47.202552795410200,1.6370543241500900,18.40694236755370,24.00865936279300,2.265000104904180,,158.3883819580080,29.850000381469700,1228.81005859375,2151.68994140625
2005-10-01,255.0,48.1793098449707,1.7585887908935500,18.385473251342800,23.867952346801800,1.9930000305175800,,186.25625610351600,32.25,1207.010009765630,2120.300048828130
2005-11-01,256.0,52.309974670410200,2.0709757804870600,19.80194664001470,24.976051330566400,2.4230000972747800,,202.65765380859400,32.61000061035160,1249.47998046875,2232.820068359380
2005-11-08,257.0,,,,,,,,,,
2005-12-01,258.0,48.483585357666000,2.1952593326568600,18.762245178222700,25.76755142211910,2.3575000762939500,,207.63763427734400,36.959999084472700,1248.2900390625,2205.320068359380
2006-01-01,259.0,47.95273208618160,2.305800437927250,20.19721794128420,25.169517517089800,2.240999937057500,,216.5465545654300,39.72999954223630,1280.0799560546900,2305.820068359380
2006-02-01,260.0,47.32752227783200,2.0914342403411900,19.27882957458500,26.207246780395500,1.871999979019170,,181.49148559570300,38.54999923706060,1280.6600341796900,2281.389892578130
2006-02-08,261.0,,,,,,,,,,
2006-03-01,262.0,48.76497268676760,1.9152405261993400,19.588937759399400,26.734920501709000,1.8265000581741300,,195.1951904296880,34.95000076293950,1294.8699951171900,2339.7900390625
2006-04-01,263.0,48.6880989074707,2.149454355239870,17.385986328125,24.694625854492200,1.7604999542236300,,209.17918395996100,39.20000076293950,1310.6099853515600,2322.570068359380
2006-05-01,264.0,47.24531936645510,1.8251585960388200,16.306108474731400,24.149375915527300,1.7304999828338600,,186.09609985351600,28.6299991607666,1270.0899658203100,2178.8798828125
2006-05-08,265.0,,,,,,,,,,
2006-06-01,266.0,45.58832931518560,1.7488168478012100,16.83946990966800,24.465961456298800,1.934000015258790,,209.8748779296880,30.360000610351600,1270.199951171880,2172.090087890630
2006-07-01,267.0,45.938453674316400,2.075251340866090,17.388734817504900,24.78256607055660,1.344499945640560,,193.49349975585900,28.510000228881800,1276.6600341796900,2091.469970703130
2006-08-01,268.0,48.051090240478500,2.0718915462493900,18.574007034301800,26.048952102661100,1.5414999723434400,,189.45445251464800,32.439998626709000,1303.8199462890600,2183.75
2006-08-08,269.0,,,,,,,,,,
2006-09-01,270.0,48.820682525634800,2.350689172744750,19.839282989502000,27.368104934692400,1.6059999465942400,,201.15115356445300,37.459999084472700,1335.8499755859400,2258.429931640630
2006-10-01,271.0,55.01115798950200,2.475886821746830,20.82581329345700,29.90088653564450,1.9045000076293900,,238.4334259033200,38.25,1377.93994140625,2366.7099609375
2006-11-01,272.0,54.766883850097700,2.798962354660030,21.29731559753420,29.021446228027300,2.0169999599456800,,242.64764404296900,40.15999984741210,1400.6300048828100,2431.77001953125
2006-11-08,273.0,,,,,,,,,,
2006-12-01,274.0,58.07079315185550,2.5907039642334000,21.73406219482420,29.812957763671900,1.9730000495910600,,230.47047424316400,41.119998931884800,1418.300048828130,2415.2900390625
2007-01-01,275.0,59.266300201416000,2.617882013320920,22.461923599243200,30.252676010131800,1.8834999799728400,,251.00100708007800,38.869998931884800,1438.239990234380,2463.929931640630
2007-02-01,276.0,55.55428695678710,2.583681344985960,20.50397491455080,30.37578582763670,1.9570000171661400,,224.949951171875,39.25,1406.8199462890600,2416.14990234375
2007-02-07,277.0,,,,,,,,,,
2007-03-01,278.0,56.51309585571290,2.8371317386627200,20.3559513092041,29.707414627075200,1.9895000457763700,,229.30931091308600,41.70000076293950,1420.8599853515600,2421.639892578130
2007-04-01,279.0,61.27952575683590,3.0475287437439000,21.867843627929700,32.539215087890600,3.066499948501590,,235.92591857910200,41.560001373291000,1482.3699951171900,2525.090087890630
2007-05-01,280.0,63.91150665283200,3.700700044631960,22.415639877319300,33.18999099731450,3.4570000171661400,,249.20420837402300,44.060001373291000,1530.6199951171900,2604.52001953125
2007-05-08,281.0,,,,,,,,,,
2007-06-01,282.0,63.347747802734400,3.7266552448272700,21.59428596496580,32.5040397644043,3.4205000400543200,,261.6116027832030,40.150001525878900,1503.3499755859400,2603.22998046875
2007-07-01,283.0,66.59786987304690,4.023471355438230,21.242568969726600,30.70998764038090,3.927000045776370,,255.2552490234380,40.290000915527300,1455.27001953125,2546.27001953125
2007-08-01,284.0,70.23324584960940,4.228675365448000,21.052053451538100,30.12954330444340,3.995500087738040,,257.88287353515600,42.75,1473.989990234380,2596.360107421880
2007-08-08,285.0,,,,,,,,,,
2007-09-01,286.0,71.1520004272461,4.68641471862793,21.662628173828100,30.49891471862790,4.65749979019165,,283.9189147949220,43.65999984741210,1526.75,2701.5
2007-10-01,287.0,70.13726806640630,5.800380706787110,27.067256927490200,30.674802780151400,4.457499980926510,,353.8538513183590,47.900001525878900,1549.3800048828100,2859.1201171875
2007-11-01,288.0,63.529457092285200,5.564334392547610,24.70686912536620,29.6898193359375,4.5279998779296900,,346.8468322753910,42.13999938964840,1481.1400146484400,2660.9599609375
2007-11-07,289.0,,,,,,,,,,
2007-12-01,290.0,65.52474212646480,6.048642158508300,26.26405906677250,28.4762020111084,4.631999969482420,,346.0860900878910,42.72999954223630,1468.3599853515600,2652.280029296880
2008-01-01,291.0,64.92465209960940,4.133399963378910,24.050800323486300,27.21040916442870,3.884999990463260,,282.43243408203100,34.93000030517580,1378.550048828130,2389.860107421880
2008-02-01,292.0,69.0161361694336,3.8176541328430200,20.066930770874000,25.923078536987300,3.2235000133514400,,235.82582092285200,33.650001525878900,1330.6300048828100,2271.47998046875
2008-02-06,293.0,,,,,,,,,,
2008-03-01,294.0,70.05885314941410,4.381966590881350,21.01883316040040,26.399211883544900,3.565000057220460,,220.45545959472700,35.59000015258790,1322.699951171880,2279.10009765625
2008-04-01,295.0,73.44194030761720,5.311798572540280,21.122520446777300,24.706567764282200,3.93149995803833,,287.43243408203100,37.290000915527300,1385.5899658203100,2412.800048828130
2008-05-01,296.0,78.75386810302730,5.763737201690670,20.974388122558600,24.016834259033200,4.080999851226810,,293.1932067871090,44.060001373291000,1400.3800048828100,2522.659912109380
2008-05-07,297.0,,,,,,,,,,
2008-06-01,298.0,72.41636657714840,5.11300802230835,20.449499130249000,23.981456756591800,3.6665000915527300,,263.4734802246090,39.38999938964840,1280.0,2292.97998046875
2008-07-01,299.0,78.18988800048830,4.853753566741940,19.118900299072300,24.197914123535200,3.816999912261960,,237.1121063232420,41.349998474121100,1267.3800048828100,2325.550048828130
2008-08-01,300.0,74.37141418457030,5.176827907562260,20.285959243774400,24.712379455566400,4.040500164031980,,231.8768768310550,42.83000183105470,1282.8299560546900,2367.52001953125
2008-08-06,301.0,,,,,,,,,,
2008-09-01,302.0,71.73551177978520,3.470762014389040,19.91908073425290,20.454687118530300,3.638000011444090,,200.46046447753900,39.470001220703100,1166.3599853515600,2091.8798828125
2008-10-01,303.0,57.02163314819340,3.2854056358337400,16.66515350341800,14.2785062789917,2.861999988555910,,179.85986328125,26.639999389648400,968.75,1720.949951171880
2008-11-01,304.0,50.04803466796880,2.8298041820526100,15.090431213378900,12.444729804992700,2.134999990463260,,146.6266326904300,23.15999984741210,896.239990234375,1535.5699462890600
2008-11-06,305.0,,,,,,,,,,
2008-12-01,306.0,51.90673828125,2.6062774658203100,14.606595039367700,14.189484596252400,2.563999891281130,,153.97897338867200,21.290000915527300,903.25,1577.030029296880
2009-01-01,307.0,56.52627944946290,2.7522425651550300,12.848398208618200,11.888165473938000,2.940999984741210,,169.43443298339800,19.309999465942400,825.8800048828130,1476.4200439453100
2009-02-01,308.0,56.76066589355470,2.7272019386291500,12.13459587097170,9.274202346801760,3.239500045776370,,169.16416931152300,16.700000762939500,735.0900268554690,1377.8399658203100
2009-02-06,309.0,,,,,,,,,,
2009-03-01,310.0,60.08320999145510,3.209982395172120,13.897279739379900,8.146258354187010,3.671999931335450,,174.20420837402300,21.389999389648400,797.8699951171880,1528.5899658203100
2009-04-01,311.0,64.00231170654300,3.8423893451690700,15.3270902633667,11.028571128845200,4.026000022888180,,198.1831817626950,27.350000381469700,872.8099975585940,1717.300048828130
2009-05-01,312.0,65.90607452392580,4.147140979766850,15.803704261779800,12.274019241333000,3.8994998931884800,,208.82382202148400,28.18000030517580,919.1400146484380,1774.3299560546900
2009-05-06,313.0,,,,,,,,,,
2009-06-01,314.0,65.09091186523440,4.349293231964110,18.0966796875,11.69642448425290,4.183000087738040,,211.00601196289100,28.299999237060500,919.3200073242190,1835.0400390625
2009-07-01,315.0,73.51245880126950,4.989336013793950,17.906352996826200,14.879191398620600,4.288000106811520,,221.7467498779300,32.41999816894530,987.47998046875,1978.5
2009-08-01,316.0,73.58724975585940,5.1365203857421900,18.766645431518600,15.714898109436000,4.059500217437740,,231.06607055664100,31.420000076293900,1020.6199951171900,2009.06005859375
2009-08-06,317.0,,,,,,,,,,
2009-09-01,318.0,74.90744018554690,5.659914016723630,19.69136619567870,14.061647415161100,4.668000221252440,,248.1731719970700,33.040000915527300,1057.0799560546900,2122.419921875
2009-10-01,319.0,75.53370666503910,5.756102561950680,21.230228424072300,13.72740650177000,5.940499782562260,,268.3283386230470,32.939998626709000,1036.18994140625,2045.1099853515600
2009-11-01,320.0,79.12847900390630,6.1045241355896,22.51645278930660,14.055986404418900,6.795499801635740,,291.7917785644530,35.08000183105470,1095.6300048828100,2144.60009765625
2009-11-06,321.0,,,,,,,,,,
2009-12-01,322.0,82.34589385986330,6.434925556182860,23.438796997070300,15.443329811096200,6.72599983215332,,310.30029296875,36.779998779296900,1115.0999755859400,2269.14990234375
2010-01-01,323.0,76.99246215820310,5.86481237411499,21.670120239257800,15.999075889587400,6.270500183105470,,265.2352294921880,32.29999923706060,1073.8699951171900,2147.35009765625
2010-02-01,324.0,79.99315643310550,6.248349666595460,22.04693031311040,17.19167137146000,5.920000076293950,,263.6636657714840,34.650001525878900,1104.489990234380,2238.260009765630
2010-02-08,325.0,,,,,,,,,,
2010-03-01,326.0,81.0396728515625,7.176041126251220,22.629026412963900,17.88887596130370,6.78849983215332,,283.8438415527340,35.369998931884800,1169.4300537109400,2397.9599609375
2010-04-01,327.0,81.51359558105470,7.972740650177000,23.594758987426800,20.0878963470459,6.855000019073490,,263.11309814453100,33.599998474121100,1186.68994140625,2461.18994140625
2010-05-01,328.0,79.1503677368164,7.84417724609375,19.932706832885700,17.157638549804700,6.2729997634887700,,243.0580596923830,32.08000183105470,1089.4100341796900,2257.0400390625
2010-05-06,329.0,,,,,,,,,,
2010-06-01,330.0,78.42550659179690,7.680809020996090,17.857412338256800,14.817129135131800,5.4629998207092300,,222.69769287109400,26.43000030517580,1030.7099609375,2109.239990234380
2010-07-01,331.0,81.55033874511720,7.855478763580320,20.03040885925290,18.038850784301800,5.894499778747560,,242.66766357421900,28.719999313354500,1101.5999755859400,2254.699951171880
2010-08-01,332.0,78.20323944091800,7.4233856201171900,18.214401245117200,15.64971923828130,6.241499900817870,,225.2352294921880,27.700000762939500,1049.3299560546900,2114.030029296880
2010-08-06,333.0,,,,,,,,,,
2010-09-01,334.0,85.6181411743164,8.664690971374510,19.10737419128420,19.168588638305700,7.853000164031980,,263.1581726074220,26.149999618530300,1141.199951171880,2368.6201171875
2010-10-01,335.0,91.65619659423830,9.190831184387210,20.808244705200200,21.757949829101600,8.261500358581540,,307.15716552734400,28.149999618530300,1183.260009765630,2507.409912109380
2010-11-01,336.0,90.290283203125,9.501388549804690,19.70814323425290,21.311634063720700,8.770000457763670,,278.1331481933590,27.799999237060500,1180.550048828130,2498.22998046875
2010-11-08,337.0,,,,,,,,,,
2010-12-01,338.0,94.08943176269530,9.84980583190918,21.909496307373000,21.423206329345700,9.0,,297.28228759765600,30.780000686645500,1257.6400146484400,2652.8701171875
2011-01-01,339.0,103.8599853515630,10.361597061157200,21.76820182800290,19.823131561279300,8.482000350952150,,300.48046875,33.04999923706060,1286.1199951171900,2700.080078125
2011-02-01,340.0,103.78302001953100,10.785745620727500,20.865453720092800,20.065792083740200,8.66450023651123,,307.00701904296900,34.5,1327.219970703130,2782.27001953125
2011-02-08,341.0,,,,,,,,,,
2011-03-01,342.0,104.95984649658200,10.64222526550290,20.04909324646000,19.879127502441400,9.006500244140630,,293.6736755371090,33.15999984741210,1325.8299560546900,2781.070068359380
2011-04-01,343.0,109.79368591308600,10.691693305969200,20.467607498168900,18.910266876220700,9.790499687194820,,272.32232666015600,33.54999923706060,1363.6099853515600,2873.5400390625
2011-05-01,344.0,108.73165130615200,10.621461868286100,19.7490291595459,19.135168075561500,9.834500312805180,,264.7747802734380,34.630001068115200,1345.199951171880,2835.300048828130
2011-05-06,345.0,,,,,,,,,,
2011-06-01,346.0,110.91179656982400,10.25013542175290,20.665348052978500,19.510000228881800,10.224499702453600,,253.4434356689450,31.450000762939500,1320.6400146484400,2773.52001953125
2011-07-01,347.0,117.571044921875,11.923834800720200,21.778095245361300,17.562105178833000,11.12600040435790,,302.14715576171900,27.709999084472700,1292.280029296880,2756.3798828125
2011-08-01,348.0,111.14454650878900,11.75130844116210,21.142244338989300,15.623312950134300,10.761500358581500,,270.7507629394530,25.239999771118200,1218.8900146484400,2579.4599609375
2011-08-08,349.0,,,,,,,,,,
2011-09-01,350.0,113.55061340332000,11.644124984741200,19.90796661376950,13.119815826416000,10.81149959564210,,257.77777099609400,24.170000076293900,1131.4200439453100,2415.39990234375
2011-10-01,351.0,119.88819122314500,12.360504150390600,21.299680709838900,15.485393524169900,10.67549991607670,,296.6166076660160,29.40999984741210,1253.300048828130,2684.409912109380
2011-11-01,352.0,122.07645416259800,11.670994758606000,20.459848403930700,15.42860221862790,9.614500045776370,,299.9949951171880,27.420000076293900,1246.9599609375,2620.340087890630
2011-11-08,353.0,,,,,,,,,,
2011-12-01,354.0,119.88117218017600,12.367225646972700,20.92014503479000,15.068914413452100,8.654999732971190,,323.2732849121090,28.270000457763700,1257.5999755859400,2605.14990234375
2012-01-01,355.0,125.56623077392600,13.939234733581500,23.79706382751470,14.749091148376500,9.722000122070310,,290.3453369140630,30.950000762939500,1312.4100341796900,2813.840087890630
2012-02-01,356.0,128.25875854492200,16.564136505127000,25.57801628112790,15.662582397460900,8.98449993133545,,309.4344482421880,32.88999938964840,1365.6800537109400,2966.889892578130
2012-02-08,357.0,,,,,,,,,,
2012-03-01,358.0,136.5597381591800,18.308074951171900,26.1682071685791,15.377117156982400,10.125499725341800,,320.9409484863280,34.310001373291000,1408.469970703130,3091.570068359380
2012-04-01,359.0,135.53221130371100,17.83262062072750,25.97353172302250,14.882647514343300,11.595000267028800,,302.72772216796900,33.54999923706060,1397.9100341796900,3046.360107421880
2012-05-01,360.0,126.25150299072300,17.64176368713380,23.677928924560500,13.811394691467300,10.645500183105500,,290.7207336425780,31.049999237060500,1310.3299560546900,2827.340087890630
2012-05-08,361.0,,,,,,,,,,
2012-06-01,362.0,128.5418243408200,17.83323097229000,24.976381301879900,15.054808616638200,11.417499542236300,,290.3253173828130,32.369998931884800,1362.1600341796900,2935.050048828130
2012-07-01,363.0,128.80467224121100,18.650381088256800,24.06191635131840,13.332178115844700,11.664999961853000,,316.8017883300780,30.8799991607666,1379.3199462890600,2939.52001953125
2012-08-01,364.0,128.06199645996100,20.314008712768600,25.1641845703125,14.178669929504400,12.41349983215330,,342.88787841796900,31.270000457763700,1406.5799560546900,3066.9599609375
2012-08-08,365.0,,,,,,,,,,
2012-09-01,366.0,136.92532348632800,20.458269119262700,24.459667205810500,14.120949745178200,12.715999603271500,,377.62762451171900,32.439998626709000,1440.6700439453100,3116.22998046875
2012-10-01,367.0,128.39756774902300,18.256948471069300,23.456958770752000,12.4627103805542,11.644499778747600,,340.490478515625,34.029998779296900,1412.1600341796900,2977.22998046875
2012-11-01,368.0,125.45381927490200,17.94904899597170,21.878910064697300,13.178736686706500,12.602499961853000,,349.5345458984380,34.61000061035160,1416.1800537109400,3010.239990234380
2012-11-07,369.0,,,,,,,,,,
2012-12-01,370.0,126.98394775390600,16.39484405517580,22.13326644897460,13.19808578491210,12.543499946594200,,354.0440368652340,37.68000030517580,1426.18994140625,3019.510009765630
2013-01-01,371.0,134.6208953857420,14.03252124786380,22.746475219726600,15.598185539245600,13.274999618530300,,378.2232360839840,37.83000183105470,1498.1099853515600,3142.1298828125
2013-02-01,372.0,133.1359405517580,13.598445892334000,23.036500930786100,15.79291820526120,13.213500022888200,,401.0010070800780,39.310001373291000,1514.6800537109400,3160.18994140625
2013-02-06,373.0,,,,,,,,,,
2013-03-01,374.0,141.99786376953100,13.716739654541000,23.903995513916000,16.74711036682130,13.32450008392330,,397.49249267578100,43.52000045776370,1569.18994140625,3267.52001953125
2013-04-01,375.0,134.8347625732420,13.720457077026400,27.655447006225600,16.822824478149400,12.690500259399400,,412.69769287109400,45.08000183105470,1597.5699462890600,3328.7900390625
2013-05-01,376.0,138.48284912109400,13.935823440551800,29.15936851501470,17.234567642211900,13.460000038147000,,436.0460510253910,42.90999984741210,1630.739990234380,3455.909912109380
2013-05-08,377.0,,,,,,,,,,
2013-06-01,378.0,127.82191467285200,12.368638038635300,29.060949325561500,17.783567428588900,13.884499549865700,,440.6256408691410,45.560001373291000,1606.280029296880,3403.25
2013-07-01,379.0,130.45040893554700,14.115401268005400,26.789243698120100,19.142587661743200,15.060999870300300,,444.3193054199220,47.279998779296900,1685.72998046875,3626.3701171875
2013-08-01,380.0,121.90938568115200,15.19745922088620,28.101774215698200,19.695158004760700,14.048999786377000,,423.8738708496090,45.75,1632.969970703130,3589.8701171875
2013-08-07,381.0,,,,,,,,,,
2013-09-01,382.0,124.47478485107400,14.96906566619870,28.19812774658200,20.306934356689500,15.631999969482400,,438.3934020996090,51.939998626709000,1681.550048828130,3771.47998046875
2013-10-01,383.0,120.46192169189500,16.41180992126470,30.002870559692400,19.72601890563970,18.201499938964800,,515.8057861328130,54.220001220703100,1756.5400390625,3919.7099609375
2013-11-01,384.0,120.77778625488300,17.45956802368160,32.30753707885740,22.58371353149410,19.680999755859400,,530.3253173828130,56.779998779296900,1805.81005859375,4059.889892578130
2013-11-06,385.0,,,,,,,,,,
2013-12-01,386.0,126.7584228515630,17.71782684326170,31.937856674194300,24.151473999023400,19.93950080871580,,560.9158935546880,59.880001068115200,1848.3599853515600,4176.58984375
2014-01-01,387.0,119.39906311035200,15.80967903137210,32.304969787597700,21.634523391723600,17.934499740600600,,591.0760498046880,59.189998626709000,1782.5899658203100,4103.8798828125
2014-02-01,388.0,125.13655090332000,16.61942481994630,32.70622634887700,21.913677215576200,18.104999542236300,,608.4334106445310,68.62999725341800,1859.449951171880,4308.1201171875
2014-02-06,389.0,,,,,,,,,,
2014-03-01,390.0,130.79644775390600,17.052499771118200,35.256614685058600,22.53180694580080,16.818500518798800,,557.8128051757810,65.73999786376950,1872.3399658203100,4198.990234375
2014-04-01,391.0,133.50091552734400,18.747455596923800,34.7491340637207,24.246538162231400,15.206500053405800,,534.8800048828130,61.689998626709000,1883.949951171880,4114.56005859375
2014-05-01,392.0,125.27215576171900,20.11072540283200,35.21359634399410,24.767969131469700,15.6274995803833,,571.6500244140630,64.54000091552730,1923.5699462890600,4242.6201171875
2014-05-07,393.0,,,,,,,,,,
2014-06-01,394.0,123.88963317871100,20.782461166381800,36.12032699584960,24.94846534729000,16.23900032043460,,584.6699829101560,72.36000061035160,1960.22998046875,4408.18017578125
2014-07-01,395.0,130.99761962890600,21.37957000732420,37.38497543334960,26.72607421875,15.649499893188500,,579.5499877929690,69.25,1930.6700439453100,4369.77001953125
2014-08-01,396.0,131.4281463623050,22.922651290893600,39.35124206542970,27.834640502929700,16.95199966430660,,582.3599853515630,71.9000015258789,2003.3699951171900,4580.27001953125
2014-08-06,397.0,,,,,,,,,,
2014-09-01,398.0,130.50729370117200,22.643360137939500,40.40761947631840,26.66560935974120,16.121999740600600,,588.4099731445310,69.19000244140630,1972.2900390625,4493.39013671875
2014-10-01,399.0,113.0242691040040,24.27278709411620,40.92185974121090,26.89417266845700,15.27299976348880,,567.8699951171880,70.12000274658200,2018.050048828130,4630.740234375
2014-11-01,400.0,111.49117279052700,26.729284286499000,41.67144012451170,28.27128028869630,16.93199920654300,,549.0800170898440,73.68000030517580,2067.56005859375,4791.6298828125
2014-11-06,401.0,,,,,,,,,,
2014-12-01,402.0,111.05672454834000,24.915250778198200,40.74142074584960,28.068769454956100,15.517499923706100,,530.6599731445310,72.69999694824220,2058.89990234375,4736.0498046875
2015-01-01,403.0,106.12132263183600,26.445661544799800,35.434940338134800,26.79075813293460,17.726499557495100,,537.5499877929690,70.12999725341800,1994.989990234380,4635.240234375
2015-02-01,404.0,112.09505462646500,28.996322631835900,38.460933685302700,27.767194747924800,19.007999420166000,,562.6300048828130,79.0999984741211,2104.5,4963.52978515625
2015-02-06,405.0,,,,,,,,,,
2015-03-01,406.0,111.87759399414100,28.197509765625,35.91679000854490,26.139816284179700,18.604999542236300,,554.7000122070310,73.94000244140630,2067.889892578130,4900.8798828125
2015-04-01,407.0,119.3988265991210,28.360668182373000,42.96587371826170,23.521541595459000,21.089000701904300,,548.77001953125,76.05999755859380,2085.510009765630,4941.419921875
2015-05-01,408.0,118.25563049316400,29.523195266723600,41.39352035522460,23.3579158782959,21.46150016784670,,545.3200073242190,79.08999633789060,2107.389892578130,5070.02978515625
2015-05-06,409.0,,,,,,,,,,
2015-06-01,410.0,114.24130249023400,28.542850494384800,39.253108978271500,21.762542724609400,21.704500198364300,,540.0399780273440,81.01000213623050,2063.110107421880,4986.8701171875
2015-07-01,411.0,113.77072143554700,27.60302734375,41.520286560058600,22.683992385864300,26.8075008392334,,657.5,81.98999786376950,2103.840087890630,5128.27978515625
2015-08-01,412.0,103.86784362793000,25.65966796875,38.692989349365200,20.93431854248050,25.644500732421900,,647.8200073242190,78.56999969482420,1972.1800537109400,4776.509765625
2015-08-06,413.0,,,,,,,,,,
2015-09-01,414.0,102.66226959228500,25.21347999572750,39.61040496826170,20.028608322143600,25.594499588012700,,638.3699951171880,82.22000122070310,1920.030029296880,4620.16015625
2015-10-01,415.0,99.1993637084961,27.31651496887210,47.11008071899410,19.46390151977540,31.295000076293900,,737.3900146484380,88.66000366210940,2079.360107421880,5053.75
2015-11-01,416.0,98.7319564819336,27.042200088501000,48.64043045043950,21.868392944335900,33.2400016784668,,762.8499755859380,91.45999908447270,2080.409912109380,5108.669921875
2015-11-06,417.0,,,,,,,,,,
2015-12-01,418.0,98.37144470214840,24.16438102722170,49.98638916015630,22.03421974182130,33.794498443603500,,778.010009765625,93.94000244140630,2043.93994140625,5007.41015625
2016-01-01,419.0,89.20050811767580,22.3461971282959,49.63501739501950,20.343839645385700,29.350000381469700,,761.3499755859380,89.12999725341800,1940.239990234380,4613.9501953125
2016-02-01,420.0,93.6608657836914,22.196985244751000,45.841888427734400,20.051719665527300,27.625999450683600,,717.219970703125,85.1500015258789,1932.22998046875,4557.9501953125
2016-02-08,421.0,,,,,,,,,,
2016-03-01,422.0,109.36297607421900,25.15644073486330,50.11842727661130,23.285871505737300,29.68199920654300,,762.9000244140630,93.80000305175780,2059.739990234380,4869.85009765625
2016-04-01,423.0,105.3841552734380,21.636524200439500,45.25450134277340,20.178363800048800,32.97949981689450,,707.8800048828130,94.22000122070310,2065.300048828130,4775.35986328125
2016-05-01,424.0,111.01663208007800,23.049110412597700,48.094825744628900,20.956079483032200,36.13949966430660,,748.8499755859380,99.47000122070310,2096.949951171880,4948.0498046875
2016-05-06,425.0,,,,,,,,,,
2016-06-01,426.0,110.65898895263700,22.20018196105960,46.75897216796880,19.947153091430700,35.78099822998050,,703.530029296875,95.79000091552730,2098.860107421880,4842.669921875
2016-07-01,427.0,117.10401916503900,24.199600219726600,51.79398727416990,21.839828491210900,37.94049835205080,,791.3400268554690,97.86000061035160,2173.60009765625,5162.1298828125
2016-08-01,428.0,115.83541107177700,24.638490676879900,52.506752014160200,20.885658264160200,38.45800018310550,,789.8499755859380,102.30999755859400,2170.949951171880,5213.22021484375
2016-08-08,429.0,,,,,,,,,,
2016-09-01,430.0,116.81381225585900,26.394628524780300,52.96271896362310,21.479366302490200,41.865501403808600,13.321450233459500,804.0599975585940,108.54000091552700,2168.27001953125,5312.0
2016-10-01,431.0,113.019287109375,26.509033203125,55.095947265625,20.878395080566400,39.49100112915040,13.680961608886700,809.9000244140630,107.51000213623000,2126.14990234375,5189.14013671875
2016-11-01,432.0,119.29200744628900,25.803936004638700,55.40858840942380,19.980859756469700,37.528499603271500,14.926712036132800,775.8800048828130,102.80999755859400,2198.81005859375,5323.68017578125
2016-11-08,433.0,,,,,,,,,,
2016-12-01,434.0,123.1717300415040,27.180198669433600,57.52321243286130,18.655929565429700,37.493499755859400,15.31966781616210,792.4500122070310,102.94999694824200,2238.830078125,5383.1201171875
2017-01-01,435.0,129.5013427734380,28.47795867919920,59.84672927856450,22.670724868774400,41.17399978637700,17.554771423339800,820.1900024414060,113.37999725341800,2278.8701171875,5614.7900390625
2017-02-01,436.0,133.43417358398400,32.148292541503900,59.22650909423830,24.339130401611300,42.25199890136720,17.69411849975590,844.9299926757810,118.33999633789100,2363.639892578130,5825.43994140625
2017-02-08,437.0,,,,,,,,,,
2017-03-01,438.0,130.24111938476600,33.85976028442380,61.33644485473630,24.011991500854500,44.32699966430660,17.858545303344700,847.7999877929690,130.1300048828130,2362.719970703130,5911.740234375
2017-04-01,439.0,119.88253784179700,33.85739517211910,63.75787353515630,23.72492027282720,46.2495002746582,18.70298194885250,924.52001953125,133.74000549316400,2384.199951171880,6047.60986328125
2017-05-01,440.0,114.1535415649410,36.00456237792970,65.0430908203125,23.328956604003900,49.73099899291990,19.338397979736300,987.0900268554690,141.86000061035200,2411.800048828130,6198.52001953125
2017-05-08,441.0,,,,,,,,,,
2017-06-01,442.0,116.17494201660200,34.084716796875,64.56354522705080,23.700172424316400,48.400001525878900,17.030832290649400,929.6799926757810,141.44000244140600,2423.409912109380,6140.419921875
2017-07-01,443.0,109.25714874267600,35.19940948486330,68.0947265625,25.520694732666000,49.388999938964800,17.911497116088900,945.5,146.49000549316400,2470.300048828130,6348.1201171875
2017-08-01,444.0,108.01860809326200,38.81330490112310,70.03360748291020,26.852062225341800,49.029998779296900,20.882347106933600,955.239990234375,155.16000366210900,2471.64990234375,6428.66015625
2017-08-08,445.0,,,,,,,,,,
2017-09-01,446.0,110.72441864013700,36.6182861328125,70.14307403564450,27.700807571411100,48.067501068115200,21.517763137817400,973.719970703125,149.17999267578100,2519.360107421880,6495.9599609375
2017-10-01,447.0,117.57792663574200,40.163211822509800,78.32596588134770,25.408233642578100,55.263999938964800,23.067289352417000,1033.0400390625,175.16000366210900,2575.260009765630,6727.669921875
2017-11-01,448.0,117.50923919677700,40.83085632324220,79.2582015991211,24.86334991455080,58.837501525878900,21.80481719970700,1036.1700439453100,181.47000122070300,2647.580078125,6873.97021484375
2017-11-09,449.0,,,,,,,,,,
2017-12-01,450.0,118.25981140136700,40.3528938293457,80.95279693603520,24.43583106994630,58.4734992980957,22.65203857421880,1053.4000244140600,175.24000549316400,2673.610107421880,6903.39013671875
2018-01-01,451.0,126.18390655517600,39.9236946105957,89.91493225097660,28.855159759521500,72.54450225830080,19.982173919677700,1182.219970703130,199.75999450683600,2823.81005859375,7411.47998046875
2018-02-01,452.0,120.11751556396500,42.472713470459000,88.74141693115230,25.634004592895500,75.62249755859380,20.7039852142334,1103.9200439453100,209.1300048828130,2713.830078125,7273.009765625
2018-02-08,453.0,,,,,,,,,,
2018-03-01,454.0,119.43197631835900,40.170265197753900,86.7812271118164,24.33201026916500,72.36699676513670,20.402997970581100,1037.1400146484400,216.0800018310550,2640.8701171875,7063.4501953125
2018-04-01,455.0,112.83880615234400,39.566917419433600,88.92057037353520,26.82056999206540,78.30650329589840,20.00168228149410,1018.5800170898400,221.60000610351600,2648.050048828130,7066.27001953125
2018-05-01,456.0,109.99760437011700,44.7408332824707,93.97891998291020,23.179109573364300,81.48100280761720,22.479249954223600,1100.0,249.27999877929700,2705.27001953125,7442.1201171875
2018-05-09,457.0,,,,,,,,,,
2018-06-01,458.0,109.95153045654300,44.4903450012207,94.16664123535160,20.467208862304700,84.98999786376950,23.571720123291000,1129.18994140625,243.80999755859400,2718.3701171875,7510.2998046875
2018-07-01,459.0,114.06781768798800,45.73533630371090,101.30004119873000,22.375450134277300,88.87200164794920,25.784528732299800,1227.219970703130,244.67999267578100,2816.2900390625,7671.7900390625
2018-08-01,460.0,115.2877197265630,54.709842681884800,107.2684097290040,24.00385284423830,100.635498046875,26.8017520904541,1231.800048828130,263.510009765625,2901.52001953125,8109.5400390625
2018-08-09,461.0,,,,,,,,,,
2018-09-01,462.0,120.2962646484380,54.445865631103500,109.63678741455100,23.24565315246580,100.1500015258790,27.066509246826200,1207.0799560546900,269.95001220703100,2913.97998046875,8046.35009765625
2018-10-01,463.0,91.83122253417970,52.78649139404300,102.38966369628900,24.236047744751000,79.90049743652340,25.190916061401400,1090.5799560546900,245.75999450683600,2711.739990234380,7305.89990234375
2018-11-01,464.0,98.86396026611330,43.07142639160160,106.3008041381840,23.4099178314209,84.50849914550780,29.396371841430700,1109.6500244140600,250.88999938964800,2760.169921875,7330.5400390625
2018-11-08,465.0,,,,,,,,,,
2018-12-01,466.0,91.58279418945310,38.17780685424810,97.78714752197270,17.18350601196290,75.09850311279300,24.59708595275880,1044.9599609375,226.24000549316400,2506.85009765625,6635.27978515625
2019-01-01,467.0,108.30086517334000,40.28346252441410,100.5406265258790,24.84735679626470,85.9365005493164,24.456159591674800,1125.8900146484400,247.82000732421900,2704.10009765625,7281.740234375
2019-02-01,468.0,111.28997039794900,41.90748596191410,107.85758972168000,27.216707229614300,81.99150085449220,28.095136642456100,1126.550048828130,262.5,2784.489990234380,7532.52978515625
2019-02-07,469.0,,,,,,,,,,
2019-03-01,470.0,115.00740814209000,46.17075729370120,114.03240966796900,28.167972564697300,89.0374984741211,29.539655685424800,1176.8900146484400,266.489990234375,2834.39990234375,7729.31982421875
2019-04-01,471.0,114.33090209960900,48.77644348144530,126.27296447753900,29.61660385131840,96.32599639892580,33.9285774230957,1198.9599609375,289.25,2945.830078125,8095.39013671875
2019-05-01,472.0,103.50668334960900,42.55390930175780,119.58222198486300,27.175188064575200,88.75350189208980,29.972509384155300,1106.5,270.8999938964840,2752.06005859375,7453.14990234375
2019-05-09,473.0,,,,,,,,,,
2019-06-01,474.0,113.73433685302700,48.293270111084000,130.00108337402300,31.43656349182130,94.68150329589840,25.56848907470700,1082.800048828130,294.6499938964840,2941.760009765630,8006.240234375
2019-07-01,475.0,122.26231384277300,51.98261260986330,132.24281311035200,28.701255798339800,93.33899688720700,29.061506271362300,1218.199951171880,298.8599853515630,2980.3798828125,8175.419921875
2019-08-01,476.0,111.7796401977540,50.93339920043950,133.78579711914100,25.92054557800290,88.81449890136720,25.9359073638916,1190.530029296880,284.510009765625,2926.4599609375,7962.8798828125
2019-08-08,477.0,,,,,,,,,,
2019-09-01,478.0,121.34967803955100,54.85721969604490,135.37051391601600,26.743131637573200,86.79550170898440,26.10200309753420,1221.1400146484400,276.25,2976.739990234380,7999.33984375
2019-10-01,479.0,111.59463500976600,60.929054260253900,139.59625244140600,30.58913803100590,88.83300018310550,26.620418548584000,1258.800048828130,277.92999267578100,3037.56005859375,8292.3603515625
2019-11-01,480.0,112.19547271728500,65.45783996582030,147.39544677734400,35.09682083129880,90.04000091552730,24.40582847595220,1304.0899658203100,309.5299987792970,3140.97998046875,8665.4697265625
2019-11-07,481.0,,,,,,,,,,
2019-12-01,482.0,113.17443084716800,72.13994598388670,154.07154846191400,33.23965072631840,92.39199829101560,25.86544418334960,1339.3900146484400,329.80999755859400,3230.780029296880,8972.599609375
2020-01-01,483.0,121.35601806640600,76.03622436523440,166.31326293945300,32.28398132324220,100.43599700927700,24.546754837036100,1432.780029296880,351.1400146484380,3225.52001953125,9150.9404296875
2020-02-01,484.0,109.88997650146500,67.1553726196289,158.28240966796900,29.225305557251000,94.1875,20.364192962646500,1339.25,345.1199951171880,2954.219970703130,8567.3701171875
2020-02-07,485.0,,,,,,,,,,
2020-03-01,486.0,94.6399154663086,62.61878204345700,154.502197265625,17.190288543701200,97.48600006103520,19.90617561340330,1161.949951171880,318.239990234375,2584.590087890630,7700.10009765625
2020-04-01,487.0,107.12150573730500,72.34808349609380,175.5648956298830,16.6003360748291,123.69999694824200,21.486589431762700,1346.699951171880,353.6400146484380,2912.429931640630,8889.5498046875
2020-05-01,488.0,106.55841827392600,78.29256439208980,179.52272033691400,14.412978172302200,122.11849975585900,24.98464012146000,1433.52001953125,386.6000061035160,3044.31005859375,9489.8701171875
2020-05-07,489.0,,,,,,,,,,
2020-06-01,490.0,104.41674041748000,90.0749740600586,199.92588806152300,13.877481460571300,137.9409942626950,27.652219772338900,1418.050048828130,435.30999755859400,3100.2900390625,10058.76953125
2020-07-01,491.0,106.29290008544900,104.9491958618160,201.3994598388670,15.366937637329100,158.23399353027300,30.11343765258790,1487.949951171880,444.32000732421900,3271.1201171875,10745.26953125
2020-08-01,492.0,106.61280059814500,127.44819641113300,221.55807495117200,17.406635284423800,172.54800415039100,33.25917053222660,1629.530029296880,513.3900146484380,3500.31005859375,11775.4599609375
2020-08-07,493.0,,,,,,,,,,
2020-09-01,494.0,106.57222747802700,114.5876235961910,207.12527465820300,17.323570251464800,157.43649291992200,34.06950759887700,1465.5999755859400,490.42999267578100,3363.0,11167.509765625
2020-10-01,495.0,97.80435180664060,107.71099090576200,199.38504028320300,16.259458541870100,151.8074951171880,30.329862594604500,1616.1099853515600,447.1000061035160,3269.9599609375,10911.58984375
2020-11-01,496.0,108.19266510009800,117.79344177246100,210.8082733154300,20.478687286377000,158.40199279785200,34.74394989013670,1754.4000244140600,478.4700012207030,3621.6298828125,12198.740234375
2020-11-09,497.0,,,,,,,,,,
2020-12-01,498.0,111.85865020752000,131.51597595214800,219.60447692871100,21.694869995117200,162.84649658203100,36.88808059692380,1752.6400146484400,500.1199951171880,3756.070068359380,12888.2802734375
2021-01-01,499.0,105.84272766113300,130.7924346923830,229.0237274169920,19.891191482543900,160.30999755859400,36.6867561340332,1827.3599853515600,458.7699890136720,3714.239990234380,13070.6904296875
2021-02-01,500.0,105.68277740478500,120.18710327148400,229.4384002685550,24.100215911865200,154.64649963378900,40.80388259887700,2021.9100341796900,459.6700134277340,3811.14990234375,13192.349609375
2021-02-09,501.0,,,,,,,,,,
2021-03-01,502.0,119.9990005493160,121.25013732910200,233.32164001464800,22.955739974975600,154.70399475097700,44.367366790771500,2062.52001953125,475.3699951171880,3972.889892578130,13246.8701171875
2021-04-01,503.0,127.76121520996100,130.49156188964800,249.56121826171900,23.070621490478500,173.37100219726600,49.49113082885740,2353.5,508.3399963378910,4181.169921875,13962.6796875
2021-05-01,504.0,129.4361114501950,123.6920166015630,247.08718872070300,22.41118812561040,161.15350341796900,49.64715576171880,2356.85009765625,504.5799865722660,4204.10986328125,13748.740234375
2021-05-07,505.0,,,,,,,,,,
2021-06-01,506.0,133.47738647460900,136.1819610595700,268.70587158203100,22.44941520690920,172.00799560546900,50.16557312011720,2441.7900390625,585.6400146484380,4297.5,14503.9501953125
2021-07-01,507.0,128.35101318359400,145.03138732910200,282.6023864746090,23.305561065673800,166.37950134277300,48.63045883178710,2694.530029296880,621.6300048828130,4395.259765625,14672.6796875
2021-08-01,508.0,127.78646087646500,150.96749877929700,299.4349365234380,21.74091148376470,173.5395050048830,49.053245544433600,2893.949951171880,663.7000122070310,4522.68017578125,15259.240234375
2021-08-09,509.0,,,,,,,,,,
2021-09-01,510.0,127.95899963378900,140.906982421875,280.1719665527340,19.48086166381840,164.2519989013670,52.36507034301760,2673.52001953125,575.719970703125,4307.5400390625,14448.580078125
2021-10-01,511.0,115.22111511230500,149.1721954345700,329.56378173828100,17.397972106933600,168.6215057373050,55.35980224609380,2960.919921875,650.3599853515630,4605.3798828125,15498.3896484375
2021-11-01,512.0,112.8140869140630,164.60723876953100,328.5401611328130,18.003969192504900,175.35350036621100,56.077186584472700,2837.949951171880,669.8499755859380,4567.0,15537.6904296875
2021-11-04,513.0,,,,,,,,,,
2021-11-09,514.0,,,,,,,,,,
2021-12-01,515.0,130.48629760742200,177.08387756347700,334.8461608886720,22.1286563873291,166.7169952392580,55.77927017211910,2897.0400390625,567.0599975585940,4766.18017578125,15644.9697265625
2022-01-01,516.0,130.3984375,174.30149841308600,309.6171875,20.856517791748000,149.57350158691400,56.41482162475590,2706.070068359380,534.2999877929690,4515.5498046875,14239.8798828125
2022-02-01,517.0,119.60104370117200,164.66795349121100,297.4805908203130,19.47332763671880,153.56300354003900,50.60551452636720,2701.139892578130,467.67999267578100,4373.93994140625,13751.400390625
2022-02-10,518.0,,,,,,,,,,
2022-03-01,519.0,128.46168518066400,174.3538360595700,307.59356689453100,19.927804946899400,162.99749755859400,49.84086990356450,2781.35009765625,455.6199951171880,4530.41015625,14220.51953125
2022-04-01,520.0,130.6254425048830,157.418701171875,276.8751220703130,17.399999618530300,124.28150177002000,46.68299102783200,2282.18994140625,395.95001220703100,4131.93017578125,12334.6396484375
2022-05-01,521.0,137.1759796142580,148.6216278076170,271.2382507324220,18.81999969482420,120.20950317382800,49.939998626709000,2275.239990234380,416.4800109863280,4132.14990234375,12081.3896484375
2022-05-09,522.0,,,,,,,,,,
2022-06-01,523.0,141.86000061035200,137.44000244140600,256.4800109863280,15.819999694824200,107.4000015258790,48.939998626709000,2240.14990234375,365.6300048828130,3821.550048828130,11181.5400390625
2022-06-28,524.0,141.86000061035200,137.44000244140600,256.4800109863280,15.819999694824200,107.4000015258790,48.939998626709000,2240.14990234375,365.6300048828130,3821.550048828130,11181.5400390625